#node;module
7003631065;1
8673451300;1
7103360092;1
6701628481;1
7003271102;1
6603952345;1
6602928192;1
7004062643;1
6604093594;1
6602183236;1
23091238100;1
7003695957;1
6507270884;1
22941822500;1
6603052835;1
6603723193;1
10046014500;1
7102118839;1
7003905699;1
7801683056;1
7003705360;1
35305437700;1
14047294000;1
22942240400;1
22941809300;1
12780126700;1
24448233400;1
12778634000;1
6701724825;1
35609302700;1
26534783000;1
35489885300;1
7801466620;1
55837630500;1
35744832200;1
12779994000;1
37067242700;1
55179408300;1
25627989900;1
6603257340;1
54795310000;1
54585742100;1
55603298500;1
23476757500;1
6508295523;1
55279791900;1
36459801500;1
35867326300;1
54421747900;1
55348581900;1
56416522200;1
7006802350;1
56374624300;1
37097132800;1
57215478379;1
35603024500;1
6603251415;1
56196288000;1
54882407900;1
56951394300;1
36905147100;1
17346904300;1
6504717574;1
6507196188;1
57197891817;1
6506371158;1
13204437900;1
36857353100;1
56651019500;1
56365708900;1
6505608881;1
6506629452;1
55089994000;1
57191854833;1
57193402674;1
57199646225;1
16302093300;1
57189683229;1
35604392700;1
36761340000;1
57201806523;1
36718016200;1
26422675100;1
56261366400;1
55360052500;1
24721617400;1
57190425009;1
55758069300;1
36142152300;1
56444522300;1
55328759100;1
57197781435;1
6504697648;1
6507358160;1
57208484579;1
54391626100;1
6505683217;1
36657415400;1
36993209800;1
35322823000;1
6603149342;1
36070729400;1
57210964392;1
47861429500;1
57194420795;1
57202311401;1
57209438333;1
6508274881;1
6507547547;1
6504746238;1
57023661400;1
6506882956;1
57216288682;1
57214329672;1
57214112800;1
57208798922;1
57201129428;1
57195963549;1
57190741653;1
56495553600;1
41460921100;1
12778384800;1
55758571900;1
9846538500;1
56094363300;1
57203824938;1
57189459319;1
36795925200;1
55649571755;1
54780344900;1
55837510100;1
55968260400;1
37096713200;1
57189727720;1
57202137152;1
57212143475;1
7005571472;2
7005578563;2
6701655429;2
7004935265;2
57194579151;2
6603410628;2
6602893548;2
6701814137;2
6603838586;2
7004056403;2
6602195245;2
6603537177;2
13004894700;2
6507170490;2
24475616700;2
6506309927;2
7006709886;2
6506676850;2
6601977407;2
56168720900;2
6506656303;2
6506087919;2
6603315448;2
6603245201;2
15841043500;2
14523645200;2
7801695889;2
6507272332;2
7801395789;2
12785224000;2
15728035500;2
57206253404;2
55656998600;2
16743441300;2
55355862400;2
55356603400;2
55356473400;2
57188713454;2
6506025298;2
24601310500;2
7202727587;2
57188792891;2
24363590000;2
53263192400;2
56001497900;2
25823656400;2
24779832400;2
35107794100;2
56770152600;2
55110355400;2
41961393900;2
24524841500;2
7004386222;2
16053957900;2
57195315419;2
56527339300;2
57192915329;2
6507675657;2
22136837300;2
23016396100;2
56462965400;2
57209452245;2
24548945000;2
57192237782;2
55180636000;2
57212726066;2
8335985700;2
56663300400;2
57191612305;2
56997264700;2
57192266979;2
26658937200;2
57195998143;2
6504105412;2
57213988476;2
24522667300;2
57202201677;2
57194766779;2
57213361008;2
57212537797;2
57200068296;2
57191575636;2
55372171000;2
56644383400;2
57215248382;2
54896391000;2
24332237800;2
56216323100;3
7003699322;3
57213509603;3
7004264452;3
7003602910;3
6507332551;3
55406699300;3
56208099000;3
55923677500;3
57209207471;3
6603076621;3
57209049748;3
8301781700;3
6602245311;3
6603316996;3
6603460479;3
12242182900;3
21743495000;3
35549502900;3
24404961300;3
57191113437;3
57190715311;3
6506290403;3
57194790883;3
6508268483;3
16485398100;3
15049469000;3
8370320300;3
6506819720;3
6507101259;3
24574877400;3
8226012300;3
56505477200;3
35743992000;3
57204486939;3
24922744900;3
35617842700;3
6504650626;3
24923437400;3
57193298997;3
12769504600;3
37110649300;3
57192940330;3
24828668100;3
6504244610;3
7004169575;3
7006225244;3
55295954800;3
55822706600;3
57193915091;3
55188116600;3
24331284200;3
6701520345;3
57203283276;3
37118482700;3
57191118306;3
6503959872;3
57191098142;3
6603381645;3
36672548500;3
23067541000;3
6504831105;3
6506805219;3
7006237665;3
8928138100;3
56800530400;3
6505629800;3
35210505800;3
8450119500;3
55545862913;3
24333616500;3
6508265015;3
55235965900;3
6701556842;3
57103644900;3
7801592473;3
11042580300;3
55851075600;3
23669340100;3
57191359544;3
55621567000;3
54417174400;3
54416901400;3
57203948535;3
55329395700;3
18038115100;3
16425444700;3
56553865000;3
6508367301;3
50162546500;3
57078795700;3
56118730400;3
57191274402;3
57190335439;3
55651585500;3
23567755000;3
6507049690;3
55990301200;3
56309920100;3
15128067900;3
23069008000;3
56402942300;3
35203135100;3
57191666455;3
7004126378;3
27968158200;3
57210846720;3
6603183622;3
55258793000;3
56704599500;3
56688332200;3
55203059000;3
26030576000;3
56568377800;3
57193381278;3
55907953300;3
57193219082;3
57193216153;3
6504744951;3
57184270500;3
57192301517;3
56016747900;3
56414888200;3
26030726000;3
55385881200;3
24365592900;3
57200414733;3
57202813862;3
23666853700;3
57204460593;3
57194333425;3
57202559061;3
35756187800;3
36196946300;3
57002969200;3
35956830700;3
57190260604;3
57193268612;3
57193676882;3
55159771800;3
56906885000;3
56180387900;3
55640388100;3
57188675672;3
57194440119;3
57195058488;3
6504615029;3
24831093100;3
6504560599;3
6701626857;3
57210057036;3
15841894900;3
36976020900;3
56096230000;3
56097079400;3
57205482024;3
57193432080;3
57215843866;3
55773048100;3
35263312700;3
18536062600;3
57207843594;3
57193714945;3
56481733500;3
6602321957;3
6505912733;3
57194345648;3
57215834773;3
57213661197;3
57211391238;3
57210056454;3
57205578276;3
57205572339;3
57203764737;3
57201445925;3
56035399900;4
6602325983;4
55984791700;4
22135207300;4
55325485200;4
24801901600;4
6506517950;4
6506595649;4
6506769873;4
56891225100;4
13106271700;4
24469170600;4
6701810133;4
6603393094;4
56835277200;4
24471690600;4
8939095000;4
26654971900;4
56709597400;4
7801484879;4
35230411700;4
57192641498;4
7801589482;4
11439869200;4
57192088302;4
56138570600;4
56507121600;4
6508185792;4
6504412762;4
57195551891;4
36778423900;4
35483198700;4
56401010000;4
57055197000;4
56465971200;4
56099873400;4
55229674900;4
6507775461;4
57189583536;4
56986014400;4
26025158400;4
35305655700;4
35306083700;4
57191482645;4
55263496100;4
57205288040;4
15741327100;4
7006813902;4
25632078500;4
14120078400;4
24464050600;4
56816943800;4
55818365900;4
57204477327;4
57208619538;4
57211205408;4
56085303600;4
12646154800;4
57211253596;4
57197750166;4
57205720639;4
6504225635;4
56315599800;4
57208083874;4
56527353400;4
57194190528;4
57196038833;4
57215903413;4
36547335400;4
56443830700;4
57200617897;4
57203517679;4
57210598644;4
57211231514;4
57215900406;4
7004659074;5
15838102000;5
36170984300;5
23995669700;5
37124179200;5
6508294435;5
36675459200;5
24483671800;5
24467439300;5
55348013200;5
8076464400;5
55829496900;5
55245930100;5
36170619300;5
56645014800;5
57196287855;5
57192182446;5
24472191800;5
55639801800;5
57190383912;5
44761229600;5
57199355610;5
56151666600;5
57191380590;5
36647489100;5
8350328400;5
8350328200;5
57201570784;5
6505964388;5
57200634547;5
57208794736;5
57201776533;5
56044463900;5
57189001507;5
48461888800;5
57199407155;5
6701738887;5
57207929754;5
57205061499;5
57214641577;5
57208111418;5
57028144900;5
56516836500;5
6602491059;6
23491960700;6
7003351322;6
8937758100;6
12779888400;6
23493881900;6
6701364456;6
57195431970;6
6701313182;6
20735956200;6
35794965300;6
24460852400;6
8331521100;6
9843575600;6
57205747535;6
55520317800;6
55218567100;6
55392594900;6
35192115100;6
37111235200;6
55835556600;6
7101812826;6
6701575862;6
6506232344;6
35191849000;6
6507261484;6
56560226000;6
57203061635;6
56938667200;6
56938799200;6
24342029500;6
56192127000;6
36715069600;6
6603579528;6
24342540900;6
7004581056;6
24168823800;6
57188996180;6
55094114300;6
57191446648;6
55092382800;6
55666994600;6
6603564786;6
57191544758;6
57053128600;6
24560638600;6
57197776293;6
56178150800;6
56685794000;6
35243578500;6
57210173955;6
57210174425;6
57194688143;6
56248775100;6
57205746858;6
57210174091;6
24526135100;6
53663433400;6
55976554600;6
56800760600;6
57195640191;6
57196828248;6
57201670814;6
57212136442;6
57214957375;6
35196531000;6
6507797322;6
6505921648;6
36608386400;6
36929798800;6
6602224873;6
6505528173;6
7006134044;7
6701679712;7
6601956729;7
35610128400;7
6701457116;7
6505896575;7
57204992463;7
7003285052;7
6506897141;7
57195869196;7
6506859106;7
16407526800;7
57065635500;7
57065698800;7
6507300320;7
6506971338;7
6602837859;7
6602680526;7
6507105654;7
57194856988;7
57214971326;7
56091354200;7
12763966700;7
6504149886;7
24336383400;7
57207628814;7
6504065189;7
6602726523;7
8502458500;7
24173889900;7
25621952500;7
24535080700;7
6701728763;7
6504780601;7
24399791200;7
57194054599;7
56264905900;7
6504802205;7
57191821119;7
57176132800;7
57196051069;7
57193520555;7
57194591899;7
57193520833;7
57193517085;7
55765003700;7
57190439456;7
57191114273;7
7403180310;8
6602425969;8
7801500902;8
6601986949;8
23768393800;8
7003994923;8
6602076403;8
7006605822;8
23388716600;8
24468961600;8
23389216700;8
6506706320;8
56228948200;8
36471022200;8
34771635700;8
23392315700;8
37006104600;8
36451525900;8
34771702500;8
6507624472;8
23393318200;8
51061592400;8
6507919749;8
36195288000;8
6603503190;8
36647291800;8
55767524700;8
50362129300;8
57212779590;8
15056180800;8
36470785900;8
55240376000;8
57197829320;8
36171366600;8
6603184318;8
55519727600;8
7003861603;8
51061161500;8
7403322039;8
7006134219;8
12804965800;8
14054567800;8
55835732700;8
56226926100;8
51061621400;8
34772015500;8
56627403300;8
55834465500;8
55836381300;8
56880116500;8
15055209900;8
53983029100;8
55315508700;8
8855093600;8
24762214700;8
57196003002;8
57073916800;8
6507306666;8
6508194978;8
49561792100;8
8843853600;8
8691319400;8
23394203300;8
57003254500;8
55879449600;8
57191272124;8
57105308000;8
6701740891;8
6508000556;8
23570913700;8
6506863317;8
57190133020;8
57213733493;8
23393545300;8
57195936560;8
8259414600;8
55521245400;8
53864077100;8
14034874000;8
24402420400;8
24402828100;8
55315141800;8
57213733487;8
25929342100;8
57190797021;8
36447530500;8
57203791429;8
57144488500;8
57144602400;8
57200387200;8
57197737763;8
57192428203;8
57192068197;8
57191632175;8
57144396600;8
56742929600;8
56449085800;8
56151708800;8
55999406100;8
55614333000;8
36194848700;8
35119420700;8
15056736400;8
56152174500;8
57194025340;8
57211938840;8
57144553500;8
56974228300;8
57214099815;8
57144360100;8
24481486000;8
37060906300;8
55701852000;8
35787264800;8
8680727300;8
57205041745;8
57144451200;8
56492991400;8
55999260600;8
37062142200;8
7003857516;9
55397962500;9
7004734251;9
6701314748;9
22035474900;9
8914642700;9
7103087073;9
6603433824;9
6507959554;9
24724572100;9
6603385001;9
6603454430;9
57201862124;9
56405582500;9
12799556500;9
55550398300;9
7005211364;9
15761056800;9
57205051352;9
6506824052;9
6506742322;9
15746910100;9
56925587600;9
55671150200;9
23995080300;9
35263542000;9
24448672400;9
56405530500;9
57188648558;9
36551061200;9
35174571800;9
6701904050;9
15766153900;9
57203162563;9
35174742500;9
24079600800;9
56944698400;9
35744744700;9
35744843700;9
6504748695;9
57216065855;9
57202900254;9
57205639916;9
7003399345;9
6602947046;9
57202900680;9
55065802100;9
35192142100;9
57203418059;9
25930368900;9
25930245600;9
13608263700;9
36600029600;9
8327531800;9
24825662900;9
35226855900;9
57213733489;9
56532038300;9
36630199900;9
36659471200;9
54393405600;9
37057062800;9
57193574491;9
57188694979;9
57191927502;9
35612500600;9
37090859600;9
54394371900;9
35173390200;9
57195837376;9
56976817700;9
56405575000;9
57198414439;9
57191822917;9
6504722888;9
57193122498;9
57208486383;9
41761899100;9
57203871164;9
35223011300;9
12241051500;9
36601997600;9
36519616200;9
55637835200;9
55698556300;9
55837423900;9
15758629800;9
57202904490;9
10039912400;9
57188752598;9
56976796600;9
55987319400;9
37067927300;9
35174664800;9
57213025964;9
57211022213;9
35175217100;9
56720970200;9
57076755000;9
6507608976;9
56721329700;9
37036468800;9
56195528500;9
55937752600;10
23099025200;10
8641788200;10
55557831900;10
6503925470;10
23100578700;10
56606964900;10
23099144200;10
57193142498;10
8085656100;10
55338961700;10
43461846900;10
6602817104;10
25927907100;10
23101399200;10
55639878900;10
35183305900;10
55986995500;10
9044259100;10
15026924200;10
36337580000;10
57192957021;10
6506889452;10
55583109700;10
57192957920;10
57195104570;10
37561006100;10
24514461100;10
56893582400;10
55839132600;10
57194055407;10
23100229400;10
57202775152;10
7801584155;10
37017005600;10
23482020500;10
36542873400;10
36543422200;10
6604054671;10
25928046900;10
55769904700;10
56455213500;10
57195107909;10
6508348985;10
57211241360;10
57193010251;10
57207940102;10
57207932087;10
57207937416;10
52563927400;10
6505829938;10
57195109827;10
57195108855;10
57209821489;10
57204499949;10
57195104008;10
57207925164;10
57207928613;10
57207933988;10
57207941489;10
57211238497;10
57211241753;10
57214999946;10
57216366003;10
14049514900;10
57189035254;10
57202956783;10
57195103612;10
36337648600;10
7801377300;10
7006404110;11
7004736847;11
7003930990;11
7007035077;11
7003961190;11
6602726468;11
26535124100;11
57209355806;11
51360922400;11
44461813700;11
26655749700;11
57210136914;11
55744247200;11
55551276500;11
6603423215;11
40261165700;11
35180909200;11
25923462200;11
57191498834;11
8634575000;11
55966363400;11
57195416371;11
55578808007;11
22993682400;11
56800348200;11
57203780291;11
57191348440;11
57189568286;11
57189566337;11
57195203407;11
6506784572;11
57188831820;11
9845493300;11
57188833119;11
57212651183;11
56179204800;11
57157176200;11
56538723200;11
57207357248;11
57205756098;11
57212494380;11
57204701097;11
26656212000;11
24401533100;11
40761308100;11
57188792582;11
57016889300;11
35586842300;12
7007074303;12
7005480659;12
57216598816;12
6602947376;12
6602750710;12
34875910500;12
57190895795;12
6602822549;12
6507429129;12
6506919836;12
6602859132;12
57198015543;12
56670362100;12
6507071972;12
35586792400;12
57188723731;12
57211105281;12
7007080587;12
24549674300;12
57191118407;12
6506055229;12
6603223299;12
25629089300;12
57190898964;12
6504123219;12
6507048166;12
35304738000;12
7005966812;12
57082915300;12
57190897163;12
56251876700;12
6507181499;12
55837527300;12
57214635196;12
6506177778;12
6505986458;12
6506016609;12
57211981909;12
57207803413;12
57191037153;12
7005207365;13
7005723351;13
56133189700;13
6603020693;13
7003822201;13
36117472100;13
7003956657;13
6603616856;13
6507821548;13
6701650137;13
36342983400;13
55233747500;13
6506558385;13
15222584500;13
12791248900;13
16684525300;13
56450956000;13
55759853200;13
8899142000;13
55054630000;13
6506100558;13
6505788780;13
56050751000;13
8899142300;13
6507051953;13
57216007684;13
6602824331;13
23484048500;13
14039223600;13
7005996047;13
47061447800;13
14039109000;13
16307475600;13
6507476651;13
57019899100;13
26428569600;13
57212739473;13
6505483959;13
16469023500;13
24443229800;13
57211139690;13
55963625600;13
35387545000;13
36522125100;13
8454548900;13
57192404757;13
6602511062;13
6701685763;13
6506952637;13
6701480692;14
7004919684;14
6602763737;14
11739874600;14
7006123649;14
7103195615;14
57196777462;14
57204151051;14
16682147000;14
6504351860;14
24307395500;14
6506397689;14
57213242829;14
6507313002;14
36715967900;14
6508186189;14
7007178669;14
56928335300;14
55347454500;14
56444042700;14
57074722700;14
55226174000;14
56928007900;14
56928378900;14
56159890000;14
56159380000;14
56230224000;14
57209756371;14
8588324900;14
37020199200;14
57190416078;14
56830484900;14
56891582800;14
56150700700;14
36915853100;14
24381686700;14
57208280170;14
57209309025;14
57190845602;14
54789126300;14
7004581040;14
57192929936;14
57195674700;14
57204001027;14
57200382774;14
57212821889;14
57191627271;14
57200382971;14
57189606619;14
57211517709;14
57204572509;14
55331404600;14
24452268200;14
8885726900;14
57202778786;14
7005143970;15
7003604847;15
6603029404;15
7004657104;15
56305470100;15
56278148600;15
35618670200;15
7801351206;15
6602124156;15
6602549034;15
6504721269;15
45161498600;15
7102320489;15
16402965100;15
6504709122;15
6506231425;15
6507039637;15
8854133600;15
56536725700;15
16402082600;15
6504685605;15
23469633600;15
14019792900;15
57191007697;15
6506920398;15
22951947800;15
8925929900;15
7202063407;15
14832949600;15
56914957100;15
24576645000;15
57197144431;15
56970967100;15
57147247900;15
56971589000;15
24169957500;15
56770024100;15
57204464456;15
56107192200;15
56218224400;15
57198442468;15
12764896900;15
56766178500;15
26649992100;15
26649858200;15
26649943600;15
57201719196;15
57191528881;15
8409542200;15
57211026868;15
57211019296;15
54789694700;15
55763611900;15
56537034700;15
57192656166;15
36009900700;15
55857510500;15
55935836500;15
57216659069;15
57216209366;15
57203431525;15
57198420635;15
57191668310;15
57205535544;15
57214701556;15
57207032992;15
57205150356;15
36713657700;15
56247607100;16
23767557500;16
24339971000;16
7003762575;16
36542735300;16
16302713400;16
36542920900;16
24072466800;16
26538206600;16
24080826600;16
35730666700;16
6506469799;16
36543224600;16
55838040600;16
55325786200;16
55347776200;16
36661275800;16
55936429500;16
36542495000;16
7004390460;16
35220550900;16
56364065500;16
36542774300;16
57189930829;16
56532000700;16
57195733216;16
57204120218;16
56268814600;16
57193749675;16
36457856400;16
57201293851;16
57207936724;16
57193011479;16
57191290306;16
56520185600;16
57215896659;16
57208781024;16
57193255747;16
26321622000;16
6701821520;17
56034404500;17
7102348456;17
55919082900;17
7801438198;17
12241080700;17
22978797200;17
24475792200;17
24725720300;17
36191111600;17
55614657500;17
55078212200;17
57189885166;17
7403485620;17
55386243600;17
55791564900;17
56034513000;17
55373092700;17
55256137800;17
9739686600;17
57193167687;17
57203302201;17
57203309290;17
55837826800;17
14056574800;17
57210997544;17
57210992825;17
51964886800;17
57211293737;17
57208344835;17
57196711547;17
35172743900;17
57211002282;17
57210683895;17
55388364400;17
12797399000;17
6701726588;18
6602454565;18
7005019426;18
37116792700;18
24460394400;18
36473455800;18
56526934300;18
23570412800;18
35178662000;18
56340209800;18
48861012100;18
25422643500;18
41262386500;18
57193006071;18
56403363400;18
57192982454;18
57196373232;18
55002116500;18
56102178800;18
56527105500;18
56845689000;18
57196369787;18
6504160320;18
57204343054;18
57203845496;18
24756009200;18
55987374000;18
57203150993;18
16041951000;18
57205675032;18
57203837384;18
57203846858;18
57204842101;18
6507993555;18
57215824285;18
57211377105;18
57203841544;18
6701571938;19
55935282100;19
35611694700;19
55900794000;19
56035838200;19
6508187185;19
8221028600;19
7102883253;19
23005349700;19
56036148200;19
6602885262;19
22984444500;19
37062992300;19
56044417200;19
55645026000;19
56034359400;19
56515005700;19
6603809895;19
21738889800;19
6701839253;19
54417820200;19
57189525011;19
57192811990;19
56997435900;19
24723816200;19
35779062100;19
56516860200;19
57196449897;19
37051506300;19
55644902100;19
6508114361;19
6603392310;19
57202729438;19
57015470100;19
6603559853;19
55542443000;19
56019826300;19
57197771806;19
55512167700;19
57192427762;19
37081649400;19
12140773000;19
54883930100;19
56516446900;19
57213835997;19
57215219757;19
56850456300;19
57208214320;19
56207873400;20
35614828300;20
8561285700;20
55071071300;20
7801325262;20
24339888800;20
6506370505;20
6602547157;20
56446999700;20
8987721700;20
55763183300;20
56020019600;20
35119567300;20
55307870800;20
57190405184;20
7004206332;20
7005993345;20
57188815497;20
56603779700;20
40461669500;20
24459261600;20
6506626303;20
6504267851;20
56732920000;20
56977538200;20
56977729000;20
57200857398;20
6603381942;20
6504251494;20
6506302539;20
6505624252;20
56189919400;20
7801564158;20
56977764800;20
7801407396;20
57192868166;20
57007235700;20
57007180700;20
24338279300;20
24504364800;20
8522525100;20
36977876500;20
56977776300;20
57205565483;20
25938426000;20
57200242889;20
57206274277;20
7006818245;20
57208000056;20
57207980276;20
56785743100;20
57191979413;20
57207964155;20
57203881191;20
57201482880;20
55780487200;20
7003862679;21
6701572320;21
6701408322;21
6504646943;21
6603595900;21
6602643588;21
24324199100;21
56627410800;21
6602142717;21
6506198927;21
7003940440;21
6507157297;21
7801432630;21
57005336500;21
15733606800;21
6506674454;21
6506046672;21
6504639824;21
55910990300;21
35410255700;21
24371088700;21
24355016600;21
16495448300;21
26535072200;21
36762384800;21
6506525637;21
36672451600;21
56344876000;21
10242079500;21
6701792834;21
6506268168;21
24572789000;21
24456790300;21
6701471279;21
24373083700;21
35174587100;21
6507370974;21
27968175800;21
6504556024;21
6504078610;21
36948026900;21
7004139040;21
7007061474;21
6504601927;21
16490339400;21
56800401400;21
6602817573;21
15074371300;21
37460910600;21
25639672100;21
57207336930;21
7005519533;21
7801423838;21
6504093542;21
57197586314;21
7005122927;22
6602458602;22
6602075529;22
56353355500;22
6701438123;22
6701394018;22
55947485200;22
6603105606;22
56221759500;22
6701536484;22
6603357318;22
35607143900;22
6506929575;22
7403412935;22
6507889328;22
6507830099;22
6507025243;22
6505805768;22
55295818900;22
7801458630;22
24515771600;22
6701467023;22
6603194682;22
6505579203;22
25938286100;22
36495702800;22
7003790147;22
6603821208;22
55258452200;22
6602919215;22
6603299691;22
55378231500;22
55819494300;22
23485562500;22
12763435300;22
57188538804;22
6603048832;22
57057827800;22
6603122673;22
56070138500;22
57193093361;22
55939801400;22
56631355400;22
57197998380;22
6507199627;22
6504422415;22
36714281300;22
6602145670;22
35609559200;22
36161072500;22
57201024263;22
8730208900;22
8274072800;22
15918909800;22
15919284100;22
36343632800;22
36344032600;22
36343719700;22
55615456400;22
56399577000;22
57199614161;22
6507255997;22
56447110200;22
6603872931;22
15920266000;22
23071167800;22
7102794164;22
15820894200;22
15060958100;22
6504634860;22
57213507896;22
56328778600;22
55339183400;22
24350317800;22
56183615300;22
57056211100;22
57195430893;22
57204114156;22
57208230066;22
57214237178;22
57214240217;22
6602816502;22
6508256139;22
6603302851;22
6603072513;22
35410703700;23
8985785100;23
35784693200;23
10739089200;23
10739384500;23
24537661200;23
55876816900;23
57190137852;23
8943670700;23
36508754800;23
36959605900;23
36171265000;23
15064162700;23
57192379697;23
55706331900;23
36508449300;23
15061464500;23
8963092800;23
7403915986;23
26039378700;23
27868037300;23
36133368800;23
55649617200;23
56562975800;23
56332870100;23
57192426118;23
35784557100;23
36181266300;23
56521436800;23
55131728100;23
55890676300;23
15845515800;23
14038065500;23
35199820100;23
56433429000;23
55550541200;23
57202699354;23
57192371790;23
35102033300;23
55847723100;23
57184416500;23
37036174200;23
57191346075;23
55308257900;23
57188699207;23
55441704500;23
55440902500;23
55654429400;23
55661504900;23
24721950300;23
57213207336;23
57202610527;23
55360747200;23
57209177723;23
56372816000;23
55316170400;23
40561958200;23
35200040200;23
55315276200;23
55315089300;23
55314436900;23
57191919463;23
57211168446;23
57204593146;23
57191259326;23
57203835977;23
57203846319;23
57203847717;23
57191053256;23
57190871718;23
57190677110;23
56820173300;23
56610145100;23
56459002600;23
56046453300;23
56046154300;23
55822259400;23
55520306800;23
55440791000;23
55336633000;23
56045666300;23
57202516350;23
57203839879;23
56337357700;23
57211170456;23
57207847719;23
57204591169;23
57194208522;23
57193163855;23
57211169107;23
56014041800;23
55655201100;23
52365052900;23
56206176100;23
25225692400;23
57203845848;23
57215897716;23
57212537852;23
22958525100;24
24080125100;24
23988245800;24
7006035829;24
46462274400;24
56214877700;24
35175155400;24
35410461200;24
56804909200;24
56470764800;24
55169379800;24
12767490200;24
36811800500;24
57194178054;24
22958240900;24
37097355500;24
57203896983;24
57195525449;24
35249089900;24
12144184200;24
34969628900;24
56003707000;24
55448292800;24
55782248700;24
56017028400;24
55958773900;24
55242334000;24
56402788200;24
57202321920;24
56004101500;24
36163184000;24
57210798580;24
57191263472;24
57191077209;24
57211509617;24
57202019939;24
15042955500;25
36984053800;25
24832449400;25
6602953453;25
50263232300;25
56287148300;25
36918990700;25
50262202600;25
55345399800;25
57204209108;25
34976942000;25
36920429000;25
50263036200;25
57021414000;25
35087874300;25
36449770400;25
55345978000;25
57188762652;25
57201095740;25
38961738900;25
55365593700;25
57188767506;25
56352426700;25
57201184712;25
57201189090;25
56403281200;25
57195605262;25
57195608024;25
55872791000;25
57188750751;25
56925555100;25
57195604454;25
36984061000;25
57192829343;25
55968820100;25
57196753583;25
57194570321;25
55937755100;25
57192839543;25
23467301600;25
36918673000;25
34771905500;25
57210815225;25
57212347096;25
57208817448;25
45561024100;25
56287917900;25
57202717239;25
7006605006;26
55663461900;26
7003467198;26
12241130900;26
35577321600;26
57212513604;26
6603318246;26
6506767158;26
57192214306;26
35208071700;26
6507303516;26
7801683871;26
6602656028;26
6602437366;26
55927742200;26
18838592500;26
6507896816;26
52365285800;26
8928494300;26
25655231800;26
6701370436;26
57198226809;26
6602616477;26
6503855745;26
57124764700;26
23393722800;26
36170086100;26
6602384213;26
57189663066;26
6507241464;26
56538438900;26
55927472300;26
54973805500;26
57188591421;26
6506108631;26
57189880652;26
57189880812;26
57195482435;26
57194851513;26
57194181085;26
6504178122;26
56480777300;26
56480169000;26
56604914000;26
57193613565;26
57211661915;26
57142513400;26
57204464924;26
57196547849;26
57200044956;26
6506040554;26
57188574377;26
55535194700;26
35579365000;26
54975126800;26
54973805200;26
37057306600;26
37057700700;26
55325777800;26
56543455700;26
57192558236;26
57200042853;26
57208210888;26
57210359589;26
57210363356;26
7006935752;26
57194419191;26
57204123381;26
6506337509;26
57205409823;26
56366112300;26
36908168800;26
6701406180;27
25928003000;27
16303477500;27
41661680500;27
7801329211;27
55699411100;27
55698333100;27
6603025050;27
35070654500;27
6507713699;27
57188492900;27
57188581475;27
57192678899;27
56010707700;27
35068628400;27
8340422900;27
22979177400;27
55753794000;27
35067789200;27
57196347265;27
57201358624;27
7005603687;27
57213251886;27
24780139100;27
57198502485;27
57210693208;27
6506353505;27
6507371011;27
57196326290;27
36929315000;27
6602388740;27
57193097327;27
57208102115;27
57207933162;27
57210725954;27
7004104546;28
14629926700;28
55914696700;28
24802815900;28
14054168800;28
55892139700;28
36662582300;28
14630697800;28
6506541457;28
8935319500;28
24766310900;28
8878449700;28
55440412000;28
56501922800;28
35067793600;28
57212444331;28
35092738900;28
35519754800;28
55416077000;28
55601798100;28
57194699704;28
57194782345;28
55959322400;28
14029989700;28
8720416700;28
13008157900;28
23390098500;28
23399026400;28
23389856400;28
24605392900;28
55601384800;28
22034864500;28
36647672700;28
36158234800;28
48360896600;28
48361532400;28
55336905000;28
55004766900;28
8450408600;28
54889001900;28
55416251200;28
55330276800;28
55330816200;28
57193871747;28
57190132946;28
44461839800;28
57195287284;28
22734949800;28
57196152401;28
57203822187;28
57209604843;28
57212779595;28
6603657271;28
57110449100;28
57193201064;28
56026832200;28
57193202024;28
57203750734;28
57209775434;28
57212455405;28
57211228799;28
36647523100;28
57212537733;28
57212459454;28
6603090292;29
23009441800;29
7004885730;29
36987882300;29
57204053924;29
36149055300;29
6602612182;29
6701804423;29
55258457400;29
41262737900;29
23007665400;29
36348541000;29
55258754000;29
55196150500;29
36570629500;29
41260916600;29
36117646300;29
56107200800;29
55258947900;29
41261688600;29
36117556900;29
57193351164;29
56708823500;29
41262776800;29
6507845763;29
55942283500;29
16640346500;29
36775485900;29
36118405800;29
35389104100;29
35790939500;29
57204551052;29
57205332617;29
56014445700;29
57210998082;29
57195109945;29
57211004572;29
57209735580;29
57192301382;29
57209477610;29
57209474829;29
55789105500;29
57215998247;29
35076179100;29
57211610156;29
57204195812;29
57203910308;29
56497089900;29
55825585200;29
57207982724;29
57209464241;29
57216565795;29
57207946893;29
13408314000;30
55975502600;30
6504745085;30
36988756400;30
36935951600;30
15848494700;30
56554188200;30
41662538000;30
24825654000;30
57198127987;30
56554167200;30
55471173100;30
55565724300;30
56439967800;30
56017518300;30
56017998500;30
55811634800;30
55322190700;30
55322505100;30
55322842500;30
55565051100;30
55565466000;30
56017992000;30
57035100400;30
15020372500;30
55354124500;30
57204445243;30
57196057736;30
57204446879;30
57147219800;30
36914762200;30
57207189824;30
57193009612;30
57193921906;30
57214602474;30
57210822510;30
6701755717;31
7004173659;31
8654975300;31
12242263200;31
6602823921;31
6507453304;31
24558862000;31
12544668700;31
55209914200;31
22735444200;31
24361846300;31
36499534900;31
7003296166;31
55837527400;31
6504593511;31
24325629500;31
6506802279;31
56741361600;31
6603661176;31
35305502600;31
55372461400;31
8208181900;31
57192154118;31
57212997801;31
57195945411;31
54415838400;31
25627588400;31
8216307400;31
37114374100;31
17347139100;31
57197123450;31
55868249700;31
57204243354;31
57202087430;31
57082880100;31
57191115823;31
6506046451;31
55576301700;31
24474838000;31
55559756200;31
36456946500;31
57082982300;31
57192068804;31
57195964950;31
57199641874;31
57210199150;31
24475455500;31
57208341918;31
25629080000;31
57210650256;31
57214528714;31
24337467800;31
6701699699;32
6602757751;32
6701913052;32
7003356605;32
55882633500;32
6507106906;32
15066694900;32
7004852164;32
15519075700;32
15519318800;32
15520136100;32
15519536400;32
6506412841;32
6507948314;32
24321228900;32
6602930552;32
15748390800;32
14832204800;32
57196232728;32
6507797184;32
36628061600;32
13004674600;32
36912043300;32
14419607400;32
14420168400;32
13004500600;32
15029920600;32
26325517000;32
9941059300;32
6508321873;32
57021858900;32
55957211900;32
6504803854;32
37000184700;32
55524216300;32
56453519800;32
16637206000;32
57190719457;32
24302435700;32
6507676996;32
7006719862;32
55804423700;32
6701457042;33
55884743100;33
6602883534;33
14059636700;33
6508204007;33
6506184729;33
57190283501;33
32367524600;33
54892735900;33
6507258272;33
35290490800;33
55883072700;33
17346125000;33
55627156600;33
56622672100;33
22986967000;33
57214417036;33
6507782357;33
6506481904;33
57120043500;33
56674729700;33
55627318000;33
55626427400;33
15620801300;33
56414818400;33
57212361818;33
57190139983;33
57205657207;33
57190071494;33
57202288969;33
57192956695;33
57203636293;33
57211561188;33
57203729610;33
6506483811;33
57214091925;33
57205561090;33
57216484038;33
57214085037;33
57191259886;33
57189464819;33
57189456123;33
7003608449;34
6601982021;34
35096225700;34
55956561300;34
55922029500;34
7801509845;34
56210422300;34
6603115384;34
36599065000;34
36140217600;34
35299690800;34
7103252183;34
55826721200;34
51663427200;34
57188982331;34
55758695600;34
55794027400;34
9739325900;34
51663676000;34
7007147467;34
7801457780;34
6504127241;34
56639949100;34
56938858500;34
46860952900;34
55521533000;34
55656483700;34
55982523700;34
6602149255;34
57195263766;34
6507161375;34
46861194300;34
35301054200;34
6507694195;34
56002471300;34
57198145739;34
56639945500;34
35272422500;34
57194625779;34
55521718800;34
57213299063;34
16064645800;34
6603298021;34
57189567187;34
57208317352;34
51763844600;34
6602390577;34
15220477000;34
56045115800;34
56026595700;34
56896120300;34
56025801500;34
57204636733;34
57204632748;34
6701578203;34
57208319452;34
57204631457;34
57204636922;34
57204636003;34
46861554900;34
48761563900;34
46861035900;34
7006645536;35
55944773000;35
7102507591;35
6506142390;35
6506558284;35
6507094546;35
6602400219;35
32868133300;35
15031310600;35
57189293819;35
24375893900;35
6602380090;35
56085856900;35
56085777500;35
56085586800;35
57190120826;35
56564996500;35
57191250360;35
56208880500;35
57194723618;35
55320993000;35
56606192700;35
56244766000;35
25228710600;35
57197571417;35
56085747200;35
57205336137;35
16022250400;35
57143883500;35
38961507100;35
40561430400;35
57191251399;35
48662884200;35
57191405487;35
57191404308;35
57144605000;35
11739084100;35
57202513726;35
57202362935;35
8532252600;35
55949223800;35
55899801400;35
57202359151;35
57210786725;35
57210792078;35
57203457407;35
57210795234;35
24722591900;35
57191597954;35
8548463700;35
56695365900;35
11738826100;35
8568355500;35
57204054889;35
57205223485;35
8415115800;36
7006335493;36
40661805800;36
36672254900;36
55070734400;36
57205865888;36
55882042000;36
55413708000;36
48861658500;36
35092813700;36
55110452500;36
56543611600;36
36537909100;36
56183798400;36
56184302800;36
55606645500;36
57193055659;36
57193060577;36
56184140900;36
57195412780;36
57204636572;36
55796091400;36
56682088000;36
24348221800;36
57193794602;36
55795359500;36
56082610900;36
57192994089;36
57202493594;36
55911561000;36
6603171262;36
57206670345;36
57199693181;36
57209328593;36
57213419613;36
57213417466;36
55109462600;36
6604076617;37
56014538800;37
6508089758;37
55939103400;37
23027543300;37
6508188537;37
23027898500;37
16646520600;37
20433722000;37
35276321800;37
8400254800;37
6603333835;37
6603110304;37
55332444000;37
56707675000;37
38861369400;37
56487657400;37
55886246700;37
36923562200;37
35225360500;37
57200381136;37
57194176350;37
57201252717;37
8067066300;37
56384327600;37
35388556300;37
7007026096;37
57211216439;37
57214806907;37
7004416503;38
55932273900;38
6602106460;38
25627671800;38
35222272100;38
9636015400;38
14021021100;38
57191189949;38
57205188344;38
57195676914;38
56444404000;38
55875008000;38
6506394842;38
6603896124;38
57197962563;38
57202804300;38
57208556022;38
57208239844;38
56363096800;38
55860463400;38
7003392143;38
6603015142;38
55933022200;38
57208100540;38
35305486400;38
8210183800;39
55897182700;39
36667259000;39
6603086487;39
6507098897;39
41861420100;39
7003571099;39
6508111009;39
6506662377;39
57191985751;39
7005033898;39
25651989600;39
24824123100;39
56966708400;39
56829003300;39
55927434200;39
25655670000;39
57119918200;39
6506899490;39
9743300400;39
56966787300;39
54959912200;39
18344441900;39
57192544623;39
56407203000;39
57203033486;39
7202360563;39
57119951100;39
6505849416;39
57197782454;39
16637532300;39
57205481310;39
23485375700;39
28167769800;39
57192212508;39
7003606034;39
6603129763;39
36101176300;39
6603329435;39
57205383044;39
57192115813;39
37099724300;39
55625826500;39
57210211342;39
14827095500;39
57205267849;39
57205264313;39
57205260707;39
36962922500;39
55232432500;39
57210554210;39
57210553606;39
57205484464;39
57202813224;39
55232911500;39
57202812347;39
57202970467;39
35610964100;39
6507163700;39
57216249385;39
37009554400;39
57211519568;39
57202817781;39
7004611797;40
7003323413;40
6603786305;40
7003911954;40
55492794900;40
24783492900;40
6507645842;40
24357278000;40
26423494400;40
25948111700;40
6507317065;40
6602870983;40
24378181600;40
24574351000;40
57197744656;40
36093392100;40
39161462400;40
57189046219;40
57189380332;40
57197000739;40
24829728800;40
15731946300;40
6701862025;40
57196573706;40
23468542600;40
6506021813;40
7006854581;40
6602147960;40
35615668400;41
25653676500;41
56023011700;41
6603100549;41
42862111400;41
16041482800;41
55436868300;41
36662677300;41
56158575100;41
6508267000;41
50262928000;41
55135972200;41
56158286000;41
56158977100;41
55890511300;41
54907420900;41
57188703895;41
54788401000;41
57199194153;41
35178241800;41
35178279200;41
55868234800;41
50263034200;41
15846141000;41
16239806100;41
55574517500;41
26422402600;41
55605170100;41
57021598200;41
8652590900;41
36630334000;41
35113565600;41
23479046000;41
36799997700;41
57198504988;41
57192553940;41
57215813281;41
57194074204;41
56483186400;41
53983970000;41
7003583092;42
6506393862;42
6602973655;42
22836023900;42
6507952554;42
6505826399;42
6602224247;42
56615679600;42
35324133800;42
57213717688;42
6602307023;42
6506214547;42
57195301662;42
51161341400;42
57204223598;42
57204566034;42
57203915404;42
6508170878;42
35228420700;42
51162028200;42
55321263300;42
57215527821;42
57210466291;42
6603686177;42
24767624200;42
56944871800;42
56126677100;42
36102921400;42
6602577131;43
25648399600;43
38662052300;43
6602497628;43
54960888600;43
6506250230;43
36663322700;43
54961098300;43
54960956800;43
38661487300;43
56341001500;43
36440488600;43
36663331300;43
13104339700;43
7003854811;43
56152669500;43
56180703600;43
57130816300;43
57193552617;43
56946513800;43
6507646797;43
6506540815;43
6602916128;43
56153012300;43
57194554642;43
57133029500;43
55650373700;43
57197592196;43
57202368526;43
57192999920;43
56340239400;43
57207910775;43
57208818864;43
56505558300;43
6603869283;44
34872957400;44
6701680061;44
55683723200;44
55674687500;44
56120861500;44
6507995948;44
56964185900;44
55683037600;44
57190750639;44
57191913744;44
57189619705;44
57200616125;44
36180080500;44
57206777718;44
56151430100;44
57194544425;44
7102611174;44
57192994491;44
12804640200;44
26536886700;44
57191915079;44
57208597387;44
57210130950;44
57210217413;44
57207845611;44
57209143507;44
57209143171;44
6504811428;44
57204436868;44
57215435924;44
57212874665;44
57212872044;44
55898531800;45
26023609000;45
6601974800;45
7801480786;45
6506628393;45
6701883127;45
15739534000;45
36967816800;45
6507203672;45
6701854509;45
6506768583;45
22836865900;45
55441035900;45
57194678678;45
36484183000;45
36485509700;45
36485742300;45
15827140100;45
15826424700;45
15826618900;45
8645228100;45
8645227900;45
8645227800;45
7004287145;45
8884194200;45
56634357600;45
23027502000;45
24386426400;45
9741141100;45
56334992300;45
56644901900;45
56950230500;45
56951191600;45
57203337643;45
57208303409;45
15743711500;45
6505728851;45
57192643677;45
56454448300;45
24403184400;45
57203599203;45
57208302572;45
57193004211;45
7003742671;46
6507985012;46
6602643133;46
25624143600;46
6506284998;46
56536859300;46
8976338300;46
8278525100;46
6508285207;46
36124657000;46
14628595000;46
6507651632;46
36125702700;46
57007915600;46
57200523187;46
57200525446;46
57200071006;46
6602300859;46
54412866300;46
54415026300;46
57204362230;46
57201480051;46
8946561800;46
24460757300;46
12791548400;46
6602933513;47
7005232699;47
6602392468;47
7003328144;47
55951126600;47
6602691586;47
57192238160;47
55566427200;47
56351606300;47
41661120300;47
6506515747;47
56473650100;47
56595695300;47
56351510700;47
57189625289;47
6507164944;47
6505984618;47
57198956025;47
56167112600;47
57192067896;47
6505723492;47
6506562632;47
57204454464;47
57207983159;47
57207109626;47
57212407514;47
7005575229;47
57210154491;47
7004155017;48
6603518033;48
22034628800;48
25627817300;48
36117996400;48
40761820500;48
6602595955;48
36846379100;48
57005410100;48
25629075100;48
57196347429;48
57196327499;48
7801547495;48
6506893091;48
7003862930;49
6602827993;49
57192079422;49
56241445700;49
55977342300;49
6507863125;49
57216106725;49
37462588100;49
7103377352;49
23026586800;49
55797343700;49
55903277000;49
56177233200;49
6505562957;49
6603258828;49
24465028600;49
22985974600;49
57197882578;49
57070411700;49
54882138300;49
57213666547;49
35068390000;49
16028816400;49
12647326400;49
56624905200;49
36116629200;49
37066581400;49
46261714900;49
57200411281;49
55960717600;49
6506477687;49
22980331400;49
57119752900;49
56176970200;49
55601039500;49
57190181824;49
57211951896;49
25927937800;49
57208740325;49
57213839325;49
57212512966;49
57204050718;49
56637045600;49
6602246793;49
57204047085;49
37061782900;49
23478074900;49
6701672859;50
57066679700;50
7006679304;50
6507617841;50
23994791800;50
35586343200;50
16024964500;50
15841819000;50
15842132700;50
6507186514;50
7003300061;50
57194507960;50
23995533600;50
36671254900;50
36977462400;50
15841470800;50
6505516275;50
24479608200;50
57188696131;50
24471785700;50
6504541169;50
7003983832;50
6504603916;50
6503922502;50
6504048312;50
56404234300;50
25927193300;50
6505792359;50
6503892169;50
25630588100;50
6507342840;50
6602961950;50
36025092500;50
6506462082;50
24479879700;50
57201428048;50
6506547323;50
35145750200;50
24482928100;50
23995265800;50
23995164400;50
6602291978;51
8931819500;51
56367439200;51
35615139300;51
7402814480;51
14024816900;51
8980617400;51
56416490000;51
6602170159;51
56946648900;51
56946474600;51
57193690847;51
57193696726;51
56177810800;51
6505503547;51
56416534400;51
56600558300;51
56148283200;51
6506440208;51
57194100889;51
12139542600;51
7102716458;51
7004208027;51
57205220423;51
57194104448;51
6503875905;51
7003920050;51
6602503251;51
57209309040;51
57205222714;51
8270190000;51
55617988400;51
55643339400;51
57204768922;51
6507267000;51
57209429360;51
57209430478;51
57209434331;51
7801580836;51
55115729700;51
57205218208;51
57202806255;51
7004026705;51
57205286962;51
57205220875;51
56528408100;51
57200620336;51
56528148600;51
57194855715;51
57214046825;51
6506590598;51
57204095779;51
6603566731;51
57209310376;51
55887619800;51
57212311576;51
57210218867;51
50162240200;51
57209300703;51
57192557606;51
7006385874;51
57201333119;51
57209306924;51
57209309972;51
57214068406;51
57202955667;51
57209304157;51
6602351542;51
57194113708;51
6603416819;52
55816341400;52
6602544459;52
7004383653;52
6506390864;52
26657315000;52
57213861906;52
15922618000;52
57216205499;52
57193493160;52
15051127800;52
26657743200;52
7004544337;52
57196052900;52
8666970400;52
36240056500;52
57190715976;52
57192713833;52
57214145179;52
55883183600;52
6602093647;53
6701511885;53
7003957316;53
7102431098;53
35812765400;53
6701499239;53
15063170400;53
7004840500;53
6603743511;53
6602358587;53
23471157300;53
55902253000;53
6507171225;53
23398952800;53
9334119300;53
43061122700;53
6701341881;53
56248904100;53
26433948600;53
24464013200;53
24464357200;53
7004587179;53
57205536447;53
6507387195;53
6507695576;53
57192984319;53
6506338607;53
42861654600;53
55907749400;53
57202922371;53
56126032300;53
55914122200;53
7003650592;53
16678864700;53
56625889400;53
57194468589;53
15752571000;53
57214310052;53
57211383568;53
57204638861;53
57197835287;53
57194459956;53
6506899433;53
6602157320;54
7102726095;54
55446477000;54
37102076700;54
56404498700;54
6507214887;54
57188934215;54
56072669300;54
56801839500;54
56673773200;54
55811544100;54
34979339500;54
56609020400;54
56491360000;54
56609264800;54
56801507300;54
56470619700;54
6508265824;54
55985095600;54
57195601056;54
36025492800;54
57192838815;54
55217656600;54
56513855600;54
6506470650;54
7103393749;54
6504594447;54
57204827146;54
57212247547;54
6602256540;54
57204107870;54
57208322156;54
57196934618;54
57200544391;54
6504200308;54
57193803292;54
57207842347;54
23467465300;54
57209214916;54
57191472966;54
6504704926;54
55132917500;54
57207936966;54
57205736096;54
55905013900;54
57215584089;54
57216256314;54
57193413174;54
57196524808;54
57214728241;54
57214886150;54
57203454796;54
7004556100;55
6506548017;55
55806147000;55
14022171500;55
13103910000;55
36866351400;55
57212726862;55
14021478400;55
26026727600;55
14919953000;55
15846425000;55
38961400500;55
57194213870;55
57199096829;55
57211122368;55
57195188193;55
57208318333;55
36612262900;55
36633205000;55
6603339942;55
55871192000;55
55441104600;55
57199809435;55
57194575094;55
57194567847;55
57192070893;55
57170282700;55
8971393400;56
34771890400;56
54881708400;56
38962267900;56
35179293700;56
38962268400;56
6506481843;56
35119468800;56
57185830300;56
56563115000;56
56562505100;56
56562897800;56
56563159700;56
57201130954;56
57195939191;56
57190946179;56
57196017264;56
25927525800;56
57195939441;56
57195942502;56
36603048700;56
35183943300;56
57196006414;56
57208340216;56
57211169619;56
23395779700;56
57203849478;56
55613952500;56
57006822600;56
57213588669;56
57213604133;56
57201131689;56
57191886689;56
57211170334;56
25961128700;56
57210575848;56
56151549900;56
57215898016;56
57215897498;56
57215897225;56
57197098015;56
57193892896;56
57190948020;56
56563094100;56
56014565200;56
56014346000;56
55615108600;56
7003549867;57
6701919520;57
8678738100;57
8502904600;57
36640029300;57
7003281824;57
22941887800;57
6602365173;57
57191118276;57
6602244247;57
24303451800;57
57188795790;57
7801355668;57
55340894000;57
57198282151;57
6602137944;57
6601964152;57
6505906956;57
25623406000;57
57194898634;57
7801323561;57
8345629000;57
55555692900;57
6507922399;57
6506483617;57
6601963664;57
57101797600;57
55082047100;57
6701755086;58
7004162358;58
6602675781;58
6602391589;58
35325119300;58
7003772993;58
12806008500;58
6506286232;58
36495878900;58
6701731785;58
55210964800;58
26664864200;58
57190136721;58
23984330300;58
49662169900;58
57195260191;58
36621541100;58
51162232700;58
23110732800;58
6603672756;58
6504503358;58
55308172500;58
56890941400;58
16201937700;58
57207635711;58
36006714400;58
57204283294;58
51864610900;58
26665101100;58
26664615900;58
6603765174;59
7101643360;59
6701836790;59
6603552428;59
35190866900;59
8958237400;59
6504112313;59
6504289406;59
6701396868;59
56125727500;59
56426899600;59
35146154900;59
23994770300;59
7004117075;59
57191038264;59
6506817874;59
7003967746;59
57206510706;59
23571133300;59
25924139800;59
54784370000;59
16641332400;59
12240770000;59
12240790200;59
24471197400;59
55558010000;59
57027232700;59
57189343147;59
6508243552;59
6504545567;59
55354684600;59
6507741215;59
6506913593;59
6506880861;59
57193491463;59
6506893829;59
23135321000;59
11142170900;59
6508002808;59
7004484707;59
57197787881;59
16240269600;59
16240026300;59
55390603100;59
55329150800;59
6602624339;60
56228691600;60
6701829075;60
22939021500;60
56378056100;60
24471364900;60
55856142800;60
55960412200;60
36623029000;60
56078888600;60
36446435500;60
56297233800;60
55339718200;60
56078879900;60
57194746823;60
6506445411;60
22933758200;60
6701686102;60
56180647700;60
56428732800;60
40762256200;60
55555298600;60
55222293800;60
56394423000;60
56663303000;60
57199640514;60
6508044326;60
24066976000;60
36173976700;60
6506717379;60
57200570073;60
57188934861;60
22986046000;60
57194007796;60
57202589736;60
56579903100;60
57190758302;60
7003429482;60
56111779000;60
57204440640;60
57204440501;60
6701417491;61
35577317100;61
7003330792;61
12770411900;61
35307769100;61
35106103100;61
55183732800;61
6507492014;61
57194557014;61
23095468800;61
55143991100;61
53664225400;61
57205336024;61
41761611400;61
7102972844;61
57195633883;61
6603455259;61
6603154643;61
57215547704;61
55932178900;61
57193443079;61
57188842340;61
57188841474;61
57188838556;61
56997434100;61
6601969480;62
6701662133;62
6603902023;62
6506015154;62
6507938149;62
6506906165;62
6508322675;62
6701666600;62
24562517500;62
8306513800;62
24386475600;62
6508282773;62
56965703600;62
12752175500;62
6506034846;62
36091923600;62
55302241600;62
55979840600;62
6507410765;62
6603310598;62
57124822300;62
6506185447;62
6507344309;62
6506089111;62
6602188560;62
57215470543;62
55666851000;62
24375426100;62
6701896923;63
56426846300;63
55816803900;63
56401924600;63
16242484200;63
55793560300;63
54583288300;63
56173311100;63
55520684600;63
6701769892;63
55894117000;63
24723868400;63
57206038685;63
57194467763;63
57194465850;63
57196235053;63
6603420842;63
15061728600;63
57194472036;63
56780268800;63
56257826500;63
57191038333;63
51964390900;63
12765195900;63
57194464727;63
57036834100;63
36473715200;63
57197746524;63
55263392300;63
36600867200;63
57200142641;63
57188549171;63
6505993678;63
6507495248;63
57194466561;63
55774822600;63
57194469098;63
57197747633;63
55988407600;63
57194611178;63
55263248200;63
57194608746;63
57212346030;63
6506219789;63
57210183757;63
57212138590;63
57211145217;63
57211146037;63
57203268069;63
57203269040;63
6602588639;63
37666555300;63
8919294300;64
36778321400;64
6506727210;64
23034910700;64
37020025100;64
6506979895;64
35079151100;64
43362019300;64
55248132600;64
6504138667;64
6701839743;64
57188662185;64
57192541668;64
57070425500;64
37090367000;64
45061108600;64
54394101900;64
55248273600;64
56797784400;64
57191485476;64
57201379912;64
57202993785;64
57212956240;64
57204917601;64
57194630395;64
57190492784;64
57207304360;64
56398397000;64
55962352400;65
15834577200;65
56022539500;65
35173296600;65
8558991300;65
22982304300;65
24488339700;65
35173681900;65
25930686700;65
6701755256;65
56205803300;65
25930687300;65
25930334400;65
36131047800;65
25930688600;65
6505975173;65
56694841000;65
23008328600;65
55225858800;65
57195837605;65
8398109400;65
57205432443;65
6504379963;65
57191383410;65
56405380300;65
6504417350;65
6603279336;65
8332892100;65
57215299457;65
57211018584;65
27568133500;65
56240460400;66
6602211636;66
6506533429;66
8374353100;66
24074314700;66
6507267560;66
56780557100;66
6602086432;66
55413994100;66
55344589500;66
24074406000;66
26433929200;66
57189323418;66
28167981300;66
57213557340;66
55576414500;66
57193829540;66
57213371112;66
12791376500;66
57201476537;66
57202583941;66
57198110489;66
57204703466;66
57193823928;66
57194527668;66
7003712619;66
13702640600;66
35315932700;66
57204171250;66
57212376310;66
36475469300;66
35995456600;66
7003610073;67
7004385346;67
25027631400;67
36466298800;67
15069632900;67
36466241200;67
56511650200;67
6505789529;67
36466609500;67
7004342000;67
36467121400;67
35087007400;67
57193495753;67
57214516441;67
56549574200;67
57191396735;67
23975905000;67
15046826900;67
56333105800;67
57120015000;67
57032217700;67
57195776286;67
56771521500;67
36447363300;67
36810729600;67
55600698100;67
54881958800;67
36543075300;67
36447446000;67
57216335183;67
57194618314;67
56905444100;67
55697601000;67
6602688391;68
6603425952;68
6507844120;68
6505465716;68
6506627823;68
7004497739;68
24300357400;68
35745166000;68
57197580444;68
55837790700;68
35604097500;68
57197559253;68
56180872600;68
16430831800;69
24364590700;69
23042962500;69
24530738600;69
24532298900;69
23067675500;69
23004501100;70
57196464156;70
45561366900;70
6603016088;70
35761632200;70
35488554100;70
57208010934;70
6603792713;70
36884515700;70
23003725900;70
55982536000;70
23669940400;70
55532911900;70
56566267400;70
22333726900;70
6506026031;70
57200211398;70
36149310600;70
6505838917;70
6507176318;70
56043578300;70
6506038152;70
55533052100;70
56043801500;70
22635316600;70
24435717600;70
6504255532;70
6504422619;70
6603638374;70
42062382000;70
57204429208;70
57212794388;70
57192641896;70
14036632200;70
56042904500;70
56247431200;70
6603069194;71
6603083383;71
6601969787;71
6602835732;71
7003986477;71
8610422900;71
6503879406;71
55758614900;71
36661124200;71
6506787602;71
23097479700;71
6507208804;71
14424585300;71
7801692669;71
55837416100;71
6602450859;71
6506995848;71
6507794515;71
56054489300;71
24324802900;71
24309246900;71
24331996800;71
7006704259;71
6507620659;71
57215424373;71
57211579679;71
7007109966;72
57188990021;72
6506433045;72
15021061700;72
36666470600;72
39062121500;72
25927898000;72
57212780115;72
56524588100;72
57190090237;72
57216330446;72
56631769800;72
57190385773;72
57216329483;72
6602827291;72
7006649783;72
57214612870;72
23976326200;72
56336708600;72
57216263943;72
57213645463;72
6602095823;73
7005664824;73
23491364000;73
41262758800;73
41662494600;73
7004342264;73
6604046898;73
56656543200;73
8978707400;73
7005100866;73
6603119949;73
36815657200;73
55624203700;73
6504460594;73
35322602100;73
26039588700;73
57204722699;73
14420639200;73
56664414300;73
57194626653;73
57207953142;73
57204093824;73
7003917300;73
6507570932;73
57209076487;73
57210956123;73
57212511638;73
57207946871;73
56545639000;73
57215779107;73
6602639672;73
57210415231;73
7005173743;74
8247907800;74
6505960291;74
6507965162;74
8047568600;74
31367767100;74
11739450500;74
6506707393;74
52364408300;74
6508169413;74
40561449100;74
6505946720;74
56439269700;74
35109857000;74
57193704042;74
6603676195;74
6506942371;74
7801497810;74
24526906000;74
7003271634;75
16030128100;75
7005854398;75
6504653463;75
56560128300;75
56338503500;75
36570019000;75
56108679000;75
24430439900;75
57189240841;75
57215983685;75
57188790443;75
57194611405;75
57191593954;75
57191596642;75
55899193100;76
7004276382;76
6602219369;76
55763004500;76
7003709876;76
26535241000;76
6507922972;76
57133224000;76
56607085100;76
6603589251;76
6701457123;76
15047462400;76
15048920500;76
25959662200;76
7006492366;76
25959621600;76
25621868400;76
57197016232;76
7005216117;76
56254530800;76
55484530800;76
57208207690;76
55932682100;76
57208212173;76
25632158200;76
55911375300;76
55911380500;76
55923824000;76
57195404678;76
56605904700;76
57194621325;76
57197836162;76
56037137600;76
6602363992;77
25932318000;77
7003680127;77
6506052045;77
15744077100;77
57142197500;77
23393773400;77
24461963200;77
9335949300;77
6506260676;77
57190000176;77
36242579800;77
55604232000;77
7801618755;77
6507372715;77
6504276588;77
23392913300;77
7004645177;77
22993348900;77
25927777100;77
6504520481;77
57202360098;77
56695190400;77
56000116300;78
7003358828;78
15756520900;78
6602848011;78
6601941756;78
24376201100;78
6506379379;78
6506232312;78
53983470200;78
6603265885;78
24376451900;78
57211985460;78
24450062000;78
57214388146;78
57198320922;78
57050228800;78
57204015961;78
35098392200;78
6603792736;79
55108306600;79
57206033088;79
23016312400;79
7003282339;79
57191831459;79
57189605724;79
14049105400;79
56994004400;79
6603256901;79
6603069324;79
6602854556;79
57188798024;79
6503896278;79
24521047000;79
22943586900;79
6602582989;80
6701336444;80
6507858566;80
12240824700;80
37009220700;80
55480404400;80
6506997132;80
56242510800;80
23003886700;80
55388738200;80
57196042695;80
14032264900;80
14031080000;80
56494744800;80
36696396500;80
7801327355;80
6504769757;80
6506511692;80
7004515043;80
6602929638;80
57197169617;80
56242388300;80
6603564889;80
6505466503;80
57204437102;80
57003298700;80
8326984500;80
57003469400;80
6507703975;80
56342525200;80
57211231014;80
24474270800;80
7004657013;80
55817553300;80
55635824500;80
16549573400;80
7005740927;80
57016587300;80
24175368200;80
6504745456;80
57198368151;80
56241852600;80
55400873600;80
55371882600;80
51964430100;80
26644590600;81
54785970300;81
36980819300;81
57190795439;81
57203438723;81
23501763800;81
57197246924;81
57202470852;81
57190006524;81
14021700800;81
57192669510;81
57202462648;81
55937814200;82
8562096400;82
16637996300;82
6602720624;82
6508008827;82
55330694800;82
55606988200;82
37118618800;82
57214541371;82
6701340571;82
22136783300;82
56515501700;82
57200266870;82
18037068900;82
57200302342;82
55330617600;82
6701419502;82
57200303027;82
57192659955;82
23029041800;82
22433283700;82
57190338577;82
57188971925;82
23028589800;82
51964866700;82
6602319383;82
57190734718;82
57193844076;82
56586029700;82
57191669477;82
54930772000;82
24314329900;82
36950944100;82
7004115698;82
57193773165;82
36718572300;82
12446988200;82
57205754018;82
6508021400;82
24309570300;82
56530860000;82
57205007462;82
57203263419;82
15082041000;82
57216146689;82
57199676632;82
57196049500;82
57193254258;82
56140765400;82
57216148991;82
57205348475;82
57200654932;82
57193429279;82
6701810862;83
57210163519;83
7102310998;83
16230649400;83
14061280200;83
8250966500;83
6602362557;83
57194185708;83
6506632871;83
6603355525;83
35334815600;83
35334767300;83
35301356100;83
7801320028;83
36163451000;83
6602899669;83
57190306555;83
57189002364;83
15768740000;83
24279092100;83
8250966400;83
57195367863;83
15769248800;83
57202585378;83
54881307600;83
57195081775;83
36113761800;83
7007168366;83
57200147421;83
57200146089;83
57205129718;83
57189517414;83
57190661071;83
15080485500;83
41261934500;83
57203393823;83
57192418803;83
16639153000;83
6602942424;83
57211621165;83
57211628574;83
57211145871;83
16452535600;83
57190128760;83
25633828200;83
57213597476;83
36918745000;83
42862634400;83
6603683145;83
7004832073;84
6508148900;84
57213047867;84
7005034691;84
40461333200;84
37076683500;84
56512133100;84
56511981600;84
56651013200;84
7801597018;84
7005250734;84
57192110449;84
57193873056;84
35743250900;84
6505785781;84
57193867989;84
57193862499;84
57211147000;84
35743249500;84
6504278407;84
26433311000;84
26039628700;84
57193827493;84
57214229193;84
57212408943;84
57192061162;84
35605993900;85
14018747800;85
37051222700;85
37050511000;85
56688581500;85
57215363709;85
55360438500;85
25927990300;85
55295768700;85
57190190498;85
57190191188;85
57202804438;85
6507987899;85
6503976295;85
55387651400;85
55927555400;85
55387713900;85
54956657000;85
57204910746;85
56619284200;85
6603475430;86
7004128320;86
6506165410;86
56742276800;86
6602213195;86
55520623000;86
56708503400;86
52763864700;86
36192656100;86
40561496200;86
36984192100;86
36919115000;86
57192662919;86
56342273100;86
15845475100;86
57203935466;86
6506759608;86
34976796800;86
24481977700;86
18042084500;86
15127665500;86
56500653800;86
57196273738;86
56436896000;86
36659730100;86
7401869655;87
7401913014;87
30567870700;87
36117923800;87
30367461500;87
57207886354;87
57195084005;87
36713459300;87
55937703700;87
6507469494;87
55797912500;87
7003603409;87
56035810500;87
57204101983;87
57192988291;87
57207946311;87
57193733233;87
57193741245;87
57207946668;87
57192976974;87
22136569700;88
22135343300;88
22133354000;88
22137160500;88
57198182988;88
22135362300;88
22980199900;88
57202361072;88
22978510000;88
36761636100;88
56273904600;88
57190033010;88
25629101600;88
22136924600;88
23028971300;88
56917424300;88
6701716949;88
6508234669;88
24826057400;88
22134890800;88
57196778643;88
57207926303;88
55361572300;88
6603331778;89
15069595700;89
6701315661;89
24825795800;89
24332753600;89
23025904000;89
6602885581;89
16175886300;89
25634509900;89
36461229500;89
57193903927;89
36009531000;89
7005578213;89
57212635545;89
37075295700;89
37049399100;89
26654624000;89
26032089000;89
55607813000;89
57190092803;89
57198154336;89
55752231200;89
23013086700;89
57204760509;89
26654412400;89
57204127156;89
51763261600;89
36619727300;89
36245337700;89
22135070400;90
6504365143;90
6508241488;90
13607912400;90
56000234500;90
57191822986;90
57045714400;90
57184406300;90
57184339800;90
57184318500;90
57184035400;90
57200599876;90
56418715200;90
57203916728;90
57216411874;90
56471709600;90
57196491505;90
6701851063;91
57208538975;91
37110707700;91
7004059711;91
6504522117;91
12781465200;91
36945582900;91
9041632300;91
24316276500;91
36550084900;91
56194335900;91
56194972300;91
57197595201;91
12781870900;91
57212386534;91
25630368900;91
35744243100;91
55958724400;91
12782141900;91
55886855300;91
57203266721;91
57203261180;91
6603479199;91
57192202271;91
57205557331;91
7007180231;92
9433957200;92
56629581800;92
7005056441;92
7003819139;92
7003634778;92
57190046438;92
16643358300;92
24724680600;92
57195045688;92
6602788572;92
57203861711;92
33567712700;92
57190370614;92
57191637007;92
57207853942;92
55958262300;92
55194523900;92
57203863567;92
57199351490;92
57198347804;92
57200516368;92
56007777200;92
6701493295;93
7003329906;93
7006433413;93
35369054200;93
6602251544;93
57194800164;93
25651157100;93
16461743600;93
39961235600;93
6504378752;93
6603943372;93
7801620907;93
57122545600;93
6603639477;93
36620585600;93
55682340900;93
6602303898;93
6603071432;93
56008167900;93
26039148400;93
16451698100;93
8641065500;93
56650961000;93
56007876500;93
55767959500;93
55767018000;93
55623577800;93
6504179105;93
36794485500;93
6603516500;94
6602890592;94
6507692153;94
6603148034;94
57191016837;94
56148698700;94
56034748300;94
6701705331;94
37017255300;94
6602833324;94
23468105000;94
6603642179;94
23466315300;94
23467328700;94
57191883259;94
6602521454;94
39762106600;94
56528354600;94
7004681252;94
24316332700;94
57191879407;94
57191877171;94
15053782500;94
57213570174;94
55774780200;94
56669818200;94
57188964392;94
50061941400;94
57215041110;94
57156575100;94
24304774700;94
6505775725;95
56990896500;95
12646905200;95
55860904300;95
56694613300;95
56110104000;95
56711299500;95
57140799500;95
57189037013;95
57196196160;95
57192210619;95
57200382877;95
57195086130;95
57212003452;95
57216160728;95
57204222144;95
35619216100;96
44761169400;96
6506231970;96
55632955500;96
36881793600;96
6603226304;96
57044755100;96
6603487648;96
57202959580;96
24829332000;96
57197357094;96
57189000478;96
24069324100;96
56891252100;96
16205548100;96
6506894760;96
24460874800;96
54896369200;96
6506785302;96
55263629300;96
55263259600;96
57195545799;96
6506794261;96
55027182900;96
6507402986;96
55428734400;96
6507807893;96
6508316436;96
57197751490;96
56634367700;96
23399278700;96
6602252130;97
15126529100;97
57216265148;97
22982035200;97
7004656559;97
24825802600;97
57216265153;97
22134500500;97
6505946051;97
24297002100;97
57216387316;97
22136866500;97
50261108100;97
56451117400;97
35114447700;97
56301283600;97
16481047600;97
16481071500;97
56121878000;97
56122420200;97
57184242600;97
6506506406;97
57210663475;97
12042142700;97
54974411100;97
56179529000;97
57189240488;97
57189231703;97
36348628200;97
56557070500;97
57118256700;97
56557015900;97
25646669000;97
57027427700;97
25641502600;97
50861624300;97
56528360800;97
56528409400;97
56556988500;97
57117974700;97
23475589700;97
57193132525;97
56830568300;97
37073778000;97
7005433342;97
6603654422;97
57203261543;97
6602892081;98
23571055100;98
56820305300;98
55326109400;98
36084235200;98
14523822600;98
36480317100;98
57191432559;98
55240131600;98
35119371600;98
55520102900;98
26768370000;98
45561952000;98
6506392579;98
7006112357;98
6507836424;98
6503969247;98
57203908501;98
57188228000;98
57191427987;98
57195676789;98
57211156107;98
57211157485;98
48761424600;98
6603003853;99
6602820802;99
55950204500;99
56047920700;99
7004116041;99
7004173457;99
6506444856;99
7004405870;99
6507086554;99
6507386779;99
15050595000;99
16231606700;99
57189519843;99
36929404900;99
55950121100;99
6506183041;99
56133312300;100
6603855470;100
6602616187;100
7003617311;100
56197320900;100
6505705051;100
6504432656;100
24362107900;100
6507422515;100
6602765965;100
25928085800;100
6506213586;101
36118438100;101
7003525376;101
57190842718;101
24069305700;101
55797929100;101
57194460845;101
36179656800;101
55987706200;101
57204212753;101
56705567600;101
55258905900;101
57194465223;101
55957211100;101
56905462200;101
57204648417;101
55305584500;101
57213350866;101
55022702500;101
24483073900;101
6602216772;101
55958768300;101
55305622000;101
57191253222;101
57209293156;101
47361472200;101
57209295559;101
57200369398;101
36009109800;101
24350461900;101
24350458600;101
42263142900;101
57125895100;101
57216417267;101
57209294752;101
57203264322;101
28767901900;101
6603745772;102
6602229909;102
23982817800;102
56452671100;102
56453366600;102
53664208800;102
57203999533;102
6602936561;102
57211928915;102
55988232500;102
55988094000;102
57214271124;102
6507607197;102
14622287800;102
57190860309;102
55484864800;102
53882018200;102
6506909749;103
55817889900;103
14066825400;103
36102782300;103
23467359700;103
36103014400;103
6507617356;103
57191840335;103
57194686468;103
6506557988;103
57203323493;103
6508085438;103
57192063260;103
57192068015;103
57204495374;103
57195476318;103
55887076600;103
55958615700;103
57216000355;103
6504252584;103
6508250718;103
55263051000;103
57200619739;103
25227469700;103
57203634981;103
57212404577;103
24474247700;103
57204210725;103
57211939903;103
57202414603;103
57204210930;103
57205218901;103
57200614892;103
37119350300;104
55806448600;104
56703126400;104
57201633162;104
37119234300;104
55315473300;104
35955786600;104
55315106200;104
57201635805;104
36170507900;104
36553893500;104
6506905289;104
14023344500;104
55210479000;104
57200787215;104
54880793500;104
57213829671;104
24077542400;104
57208688174;104
6603263298;104
57205143601;104
57216619760;104
57212143352;104
33767847900;105
6508042153;105
57191745305;105
16432506700;105
57204912687;105
6507449752;105
57202599379;105
56398528200;105
56398360800;105
57198817141;105
57192891499;105
57206227079;105
57198816201;105
56398461800;105
15846400900;106
7005615054;106
56960496700;106
56960590100;106
57191378492;106
57114588400;106
57196217895;106
57200140861;106
57200142465;106
57200299884;106
36659867000;106
57201327109;106
36917925300;106
57211483528;106
55209967700;106
15757069400;107
55993179700;107
36009668900;107
13611842600;107
6701913650;107
55940345800;107
6506211686;107
7202864080;107
56940907400;107
12795164200;107
57212028120;107
57200151978;107
57200148870;107
55942685200;108
6603036688;108
8051623800;108
6507011523;108
6603432974;108
22981268200;108
7202097029;109
7005843035;109
6507572966;109
6603044939;109
22996051200;109
7004369412;109
6505843640;109
57197440923;109
35204335000;109
56235003900;109
6506790331;109
6504823403;109
57034222000;109
6603107449;109
57034186700;109
6602656971;109
57203337953;109
6507718932;109
6701705007;110
24467253000;110
6603081379;110
6603365040;110
6506308606;110
25924429900;110
12795705700;110
57197590533;110
57190937970;110
55914639700;111
7003467379;111
7202145248;111
57197246923;111
15127889000;111
6504433980;111
7006593843;111
6505928036;111
52865032800;111
23479929300;111
6506075125;111
57190740144;111
6602462914;111
6602879414;111
7801694289;111
57205516915;111
6602584806;112
24329937400;112
57194851091;112
55633363600;112
6603139591;112
12241552500;112
6507815053;112
9337157800;112
6507326717;112
57216201374;112
57215536096;112
6602668233;113
36611376800;113
56007597700;113
36612897400;113
56428725100;113
35366035300;113
57204348969;113
57192821646;113
25928389400;113
57193080014;113
6506488969;113
57192101513;113
7004178397;113
56454956200;113
57195102254;113
57193093121;113
56960236400;113
56801864200;113
57205352414;113
57207929443;113
57204423082;113
6506015512;113
57200180036;113
57213389798;113
57204417789;113
7102869484;114
56884056600;114
6506897187;114
15047780900;114
12040105800;114
56385260900;114
56228141300;114
55902464900;114
56951301600;114
57204212060;114
26323243000;114
57188693919;114
36004076700;114
57192253230;114
56971384200;114
14041835100;115
24403096200;115
14626293900;115
26967869500;115
57214340672;115
24481846300;115
15769910700;115
12809388900;115
35180421000;115
36170672400;115
57213358743;115
57194071316;115
51061411100;115
25927606400;115
56626891800;116
23398620700;116
6505842011;116
7005596187;116
55863191100;116
56263382400;116
6603234012;116
57197750368;116
6602663927;116
15740458200;116
57194466843;116
55030490200;116
57194472626;116
23396244900;116
22939048900;116
57194469851;116
57208526299;116
57214328855;116
57209295902;116
57209297496;116
6505780078;117
6507232606;117
55954265000;118
6603693694;118
7102756593;118
6506116712;118
6602375657;118
6507425015;118
24374147300;118
56563979100;118
6507302272;118
37073034200;118
55353787700;118
23389065700;118
36995511300;118
57194393430;118
7006144713;118
57194395070;118
14032295300;119
57191376378;119
55510249100;119
57194566782;119
57103835300;119
57103727300;119
16643567300;119
57192717650;119
7004352112;120
55644074500;120
25928058000;120
7801693998;120
56203349000;120
55929508500;120
54783962200;120
6507528182;120
6602289517;120
57193955238;120
57203881258;120
56400710600;120
56401005500;120
57189692800;120
6506376873;120
57192156470;120
57195108307;120
56681104400;120
57200068249;120
6508364168;120
55992942100;120
57207941319;120
57207928462;120
56766215200;120
6603664431;121
6507055724;121
6602412538;121
6602287651;121
6506458364;121
6701572426;121
6507475787;121
7003497662;121
36092996400;121
36092779500;121
36093537300;121
36093069300;121
6504293286;121
24430144400;121
6701774042;122
6602983919;122
6506927376;122
57202364113;122
57199576994;122
6506430385;122
6602737329;123
6602753559;123
6602631827;123
57213584173;123
24557552300;123
6602078886;123
6602317270;123
6506436608;123
6507304891;123
25938924100;123
6603758154;124
12144225600;124
7102673020;124
6508138255;124
55382443400;124
7801694502;124
56617537000;124
56069899700;124
6504190462;124
35608003300;124
55566822100;124
56610237100;124
57194045295;124
57211467970;124
24511921700;124
26029021600;124
6508200772;124
6602925245;125
24175107200;125
56039311000;125
36082627900;125
6603728425;125
6603288357;125
7003273581;125
6506575977;125
23109251500;125
56071149600;125
6601988109;125
6503993349;125
11639271500;125
47962131600;125
56261759000;125
56039360800;125
57206726904;125
57204310972;125
57193440094;125
57209291967;125
6506927864;126
57189888789;126
13611690400;126
56434209100;126
55658056822;126
57196488187;126
56505583800;126
57190752022;126
55904228800;126
57193387171;126
55775537200;126
57163736400;126
57189096329;126
56285148000;126
57194902302;126
57211501219;126
57211501122;126
57202855670;126
7004445434;127
6507423084;127
14824351700;127
7003506221;127
52865125000;127
7006234697;127
52863900400;127
52865107700;127
6504638071;127
6504714959;127
6504789108;127
57091688300;127
12794559200;127
57203863832;127
6506855804;128
36248087500;128
6506462890;128
56640920000;128
56641591900;128
6504041467;128
56073335600;128
6506693420;128
6603543813;128
7406286612;128
57193324061;128
6507372633;128
55773797100;128
36775501200;128
57006704900;128
6701485893;128
14045220900;129
36448786000;129
35794745000;129
56113065400;129
56464848400;129
56556771600;129
22936256500;129
57207640692;129
57212882283;129
57212865280;129
55945082600;130
6507888206;130
6602535502;130
6701354469;130
6508171987;130
7801654140;130
57189883986;130
55425638100;130
6506951029;130
55931300000;131
6603937358;131
56893790500;131
6506985756;131
6602175139;131
35612431900;131
24724969600;131
6602274183;131
7801647434;131
6506613646;131
7005423364;131
57207254467;131
6507949231;131
57216130015;131
14056078400;131
56240031700;132
7005996021;132
8546811700;132
6603463043;132
23975869900;132
7007098929;132
56161915800;132
57212647535;132
55704061100;132
55971793400;132
8713749400;132
57194467698;132
57211146530;132
57194466958;132
6507512835;132
57190720116;132
8859902300;133
15844793800;133
22735278200;133
14523642900;133
34977201200;133
36984233100;133
57170620900;133
57203389089;133
57193613744;133
57208031140;133
15623928700;133
57192957440;133
57209178048;133
57208799929;133
57074096900;133
42861943800;133
36816399000;133
36681454400;133
35097427700;133
56047825100;134
6701717259;134
6602549508;134
57189005184;134
55016697800;134
55916900100;135
41661665400;135
36451181800;135
50861736600;135
49963961800;135
57144608100;135
57144529800;135
14040188500;135
57201152677;135
23396960700;135
57136588900;135
55428732800;135
57215929436;135
57191429176;135
56179611200;136
6602688175;136
25637372200;136
36457225400;136
25638043900;136
7006815142;136
36708170800;136
6507067625;136
36834047500;136
47062057200;137
47062226700;137
7003541369;137
23393446200;137
6503932009;137
6602424759;137
12239123600;137
6507307813;137
23393144600;138
6603461963;138
16634719900;138
6508325948;138
36198637200;138
57190740482;138
57006605000;138
57006443700;138
55872143200;138
6602446732;139
15125232600;139
54383297900;139
35202723800;139
57193271767;139
6603746203;139
15123695200;139
7003705304;139
54986732700;139
57193498618;139
57203823275;139
57200437339;139
6701516646;140
6508069799;140
6507880041;140
22333478700;140
6505978206;140
24307202600;140
6506058103;140
8522758800;140
35609444500;141
6701793921;141
6506622409;141
6602379597;141
8561607000;141
7003872604;141
7006719851;141
6504526842;141
6603612702;141
56220201400;141
57193381097;141
36008785000;141
6603836898;142
6602215270;142
6601954958;142
7003329912;142
6504793331;142
6507226433;142
57196899772;142
15768654000;142
14072101100;142
15724743400;143
57192912523;143
56528040900;143
57200213360;143
6507105190;143
6603312899;143
57215286708;143
57194102351;143
6603071388;144
7006186854;144
8319428100;144
55293801900;144
44461227900;144
57190733655;144
6603184932;144
36904871700;144
6701428779;145
7003901960;145
15046839800;145
57193604905;145
57216150206;145
11940845400;145
7003815262;146
54083167700;146
57212557407;146
57207938555;146
7004374966;147
6603936004;147
6506192140;147
6507625332;147
57200075535;147
25928795800;147
6505658675;147
7003684871;147
6506787978;148
14520108600;148
6603434946;148
24369676100;148
55258443000;148
54986326400;148
56351919500;148
56029738500;148
36440980900;148
24389448000;149
57193165651;149
57205709729;149
6603068036;150
57038754100;150
57213371110;150
6603120098;150
16636903700;150
57214797430;150
9740223300;150
55301484000;150
57203965247;150
6506582282;150
57192195452;150
55936909400;151
55542604300;151
57189203386;151
57195589694;151
55944962200;152
6508178348;152
7007030715;152
6504524066;152
6506466875;152
6602620698;153
6505773188;153
6603253976;154
14035689500;154
24921729000;154
55934402100;154
13610659900;154
15830756800;154
35073203500;154
7007057322;154
57194986230;154
15829962800;154
56600102500;154
7102475928;155
6603229669;155
6603122037;155
8122884200;155
6602136526;155
57197692280;155
14524555800;155
10040404400;155
35734293700;155
35734639400;155
16401747500;155
7003861604;156
6602489065;156
36925124600;156
6507134421;156
55482806600;156
13102651300;156
6603337814;156
36713333200;156
57204104276;156
7007155140;157
36612036300;157
36442852700;157
24779023900;157
7003316916;157
6602856137;157
36740319900;157
7007155412;157
6506671308;157
57211745881;157
6601960636;158
7003601235;158
6507357804;158
6506336274;158
16639293400;158
6602413068;158
55308053200;158
57192941235;158
7801633443;159
55081943100;159
6506995893;159
57197259114;159
6602906431;159
54929717800;159
57207758290;159
55944070000;160
6602115541;160
7403194230;160
7006073083;160
57214652836;160
7004532507;160
7004898293;160
6505978489;160
6602460332;160
57196537547;160
7003880662;161
6508227847;161
6603337361;161
36666245600;161
12039943900;161
36844707400;161
55881266800;161
6602271650;162
6507215512;162
57204092341;162
23494090700;162
56528338800;162
56528508700;162
24521608200;163
24825150000;163
57210989208;163
56563009500;163
35179863000;163
57191381784;163
57211167046;163
6508075073;164
24825891800;164
57190009865;164
57208341232;164
25228676500;165
6505880763;165
15926278500;165
36936400000;165
53882015300;165
57197072427;166
6506410059;166
57196899767;166
25633663300;166
25634275300;166
14046634400;166
24516526900;167
6603674143;167
6601959280;167
24499327400;167
6507822613;167
24553430200;167
57190998515;167
57190995485;167
6602128956;168
55701774900;168
55932086400;168
57189957906;168
6602932002;169
6506527037;169
57194033415;169
8222504000;170
55944501500;170
56585978700;170
56586267100;170
57201732176;170
15022569900;170
6603879858;171
6602624756;171
6603111820;171
6602294033;172
6505998175;172
6603652950;172
6602464868;172
6504681422;172
55305674600;172
24539878300;172
6602490782;173
33068308600;173
55956117100;174
15047374000;174
6701428922;174
6508073877;174
6504032356;174
6506753458;174
6506077590;174
6506355440;174
25633528700;174
57204974490;174
6506202906;175
6603469545;175
6507697853;175
46461855100;175
57193626092;175
7006488497;176
10144178400;176
6508035515;176
6602208255;177
55950233600;177
55305719300;177
6701865447;177
6506062288;177
16401323300;177
55210151400;177
55210059300;177
6506723757;177
57200970410;177
57044795300;177
57044468400;177
6506433515;178
6603217695;178
6602501338;178
56219071700;179
15064517300;179
56964923200;179
57190394494;179
57190390522;179
57214011371;179
56965055300;179
56965021500;179
57203117060;179
57204348884;179
55942471200;180
36197909200;180
35889006300;180
13611939900;180
6602581015;180
6601992363;180
57192377847;180
7801314604;180
12143266100;180
16028503300;180
57197750716;180
57194617005;180
57090980000;180
6507212277;181
6602764042;181
7004816244;181
15744210900;181
15744793700;181
56610255800;181
55637220500;181
56436585000;182
56168642700;182
57201316212;182
6602299077;183
56635978900;183
57211508231;183
24281573600;183
6506321836;183
57065650700;183
57065592600;183
56642749300;183
16551274900;184
24484151100;184
12039758600;185
55905574200;185
7004050968;185
24383847800;185
6507756665;185
7003272473;185
57193559653;185
57208127367;185
24530507200;186
57190366446;186
24529641400;186
57190601690;186
25927055900;187
25927014700;187
25927219900;187
6602736257;187
56584675700;187
56996098500;187
55884495200;188
55884187100;188
22734092500;188
8398897200;188
36615532400;188
6701552539;189
55210276000;189
35103903200;189
35786907400;189
6603320566;189
14321832600;190
56242111200;190
43462017700;190
56634385600;191
23091683500;191
56811537900;191
56530810700;191
6602756288;192
54892119000;192
12804968100;192
57195682176;192
57207575553;192
8543558000;193
55902743900;193
57208385177;193
57191054954;193
55821250500;194
56899046700;194
36665011900;194
22837212900;195
7102491664;195
6507674946;195
57211485665;195
57211487036;195
57204238611;195
6507823275;195
6507599375;195
15725510000;195
6506739998;195
57194461480;195
57194469122;196
57203267264;196
57194473912;196
57189602240;196
57203353594;196
57203358012;196
57203354477;196
57191746666;196
57194464257;196
57193769725;196
6508354873;197
6505824329;197
6603170488;197
6503965485;197
6603151805;198
12791848400;198
57205096944;198
7801324182;198
6507199663;199
55266400000;199
14032078600;199
23994398100;200
24448200700;200
23994473300;200
7102004446;201
35068732400;201
6604013284;201
6603361570;201
57192681105;201
57191035898;201
6602515990;202
6602411075;202
6504666256;202
57207541980;202
36621508000;202
24461194700;203
57188834746;203
57188842503;203
12143257100;203
12143505000;203
6602274296;203
57200175554;203
57195331501;204
57195330846;204
6506471958;204
12781638400;204
57212405541;204
6506327943;205
23471145100;205
55996771400;206
6504502852;206
6701867001;206
25224158900;206
6507621977;207
36872271800;207
25927931700;207
15045248100;208
8219648400;208
26649209100;208
15069980000;208
57206304228;209
24551261000;209
6508194827;210
6701712139;210
6506936281;210
57200211191;210
57200215843;210
57200213165;210
6506729795;211
7801352323;211
56589809400;212
55047310000;212
56493115700;212
56493172800;212
56493124300;212
56492961100;212
56891548000;213
56797985600;213
6507326161;214
6506008396;214
7801407977;215
55523820500;215
6506464583;216
6507614293;216
6506010316;217
56974461500;217
6603565560;217
57202507902;217
24724064200;217
6602872303;218
24423653100;218
12143036800;218
57193540909;218
54411353500;219
55387410900;219
57210045374;219
55513704300;219
57211349615;219
57207934745;219
6503873646;220
6506414663;220
22979327100;220
6508112200;221
7003812429;221
56533864200;222
7102956537;222
6603261651;223
6603388755;223
57213019725;223
56256361300;224
15834352700;224
6508275870;224
55241686400;224
6602829740;225
6507295267;225
56986945100;225
24527687700;226
24487242400;226
24487012200;226
24499711500;226
24487118300;226
57189292394;227
57208522538;227
56625219000;227
56946593100;228
57194782739;228
57194785560;228
6602385574;228
57211170242;228
14021459100;228
6506488036;228
36113353600;229
36094031300;229
54909254000;230
55860525400;230
6505951072;231
6601934238;231
12143917300;231
6506574380;232
57208441110;232
6506899908;232
6507158752;232
6507599036;233
6506606474;233
6506234702;233
18037555200;233
6508245625;234
35319651200;234
55934129900;234
6603227595;235
6602254685;235
6602572466;235
20436877900;235
57191412849;236
57091200500;236
57091740500;236
55892827200;236
57091743700;236
24352251800;237
14009197600;237
57197482374;237
6603427555;237
7006017031;238
22433497300;238
55848063100;238
6603599588;239
57197656631;239
24557419400;239
24555768800;239
42961918100;240
56236823600;240
42961608400;240
56237534100;240
6603228547;241
7004160819;241
55317884300;241
57191405414;242
54383330400;242
6602662712;242
55308767000;243
55613536300;243
57215333990;243
57215311564;243
6507960984;244
6602344291;244
7005291369;245
6603331248;245
6602565232;246
57216411642;246
23501181800;246
35399948800;247
11142100200;247
6602403893;248
15838499300;248
57202727998;249
57189227358;249
57211139496;249
57213191099;249
57213308572;250
6505688105;250
16637620900;250
6506738140;251
57208466089;251
57208473674;251
6701762370;252
57189640457;252
16043156000;253
6506927183;253
6603289517;253
6508109898;254
6506633073;254
6507620887;255
57197740172;255
56486012700;255
6507009458;256
57200380555;256
25637447500;256
57202532049;257
57209830592;257
57209827878;257
57203877359;258
22734043500;258
22734387700;258
6602069820;259
6508336639;259
6505974718;259
50662102500;260
7004827622;260
56435849300;261
57204577115;261
57210688194;262
6506615095;262
8090815900;263
6602951496;263
12902733700;264
55699061500;264
36662994900;265
55643234500;265
7203010189;266
23099747200;266
9234160800;267
24450155200;267
6701619396;268
6507872284;268
7004218714;269
7102567275;269
57204034434;270
57188741703;270
24558228700;271
24443176500;271
6506678599;272
16640017100;272
24549112600;273
24553291800;273
57205550108;274
56333304800;274
57213034042;275
6602442550;275
57195906212;276
57190335784;276
6602521340;277
15736259200;277
9038873700;278
57193386848;278
13003516400;279
25825675700;279
57191516254;280
57202978122;280
24496078600;281
24393170400;281
56521182300;282
55820449700;282
57156239600;283
6602259663;283
36647266900;284
